0,search engine for information about huelva  spain,0,,
0,online storage for documents  photos  videos  and more.,0,,
0,online storage for documents  photos  videos  and more.,0,,
0,securely store  access  and share notes  lists  photos  and audio.,0,,
0,presentation of a project to sustainable affordable housing ,0,,
0,presentation of a comprehensive guide for successful business plan,0,,
0,a presentation about the importance of taking time to relax and enjoy life.,0,,
0,online chatbot for natural language conversations,0,,
0,creating game objects from prefabs in unity game engine,0,,
0,collaborative online whiteboard for brainstorming  planning  and managing projects,0,,
