4,a compilation of funny and cute animal videos,Night
4,a short film,Night
4,comedy video,Night
4,a tutorial on how to create minimal double curved surfaces in rhino,Night
4,a short film,Night
4,a tutorial on how to create minimal double curved surfaces in rhino,Night
4,a man and a woman discuss the importance of communication in relationships,Night
4,creating minimal double curved surfaces with grasshopper,Night
4,stream music create playlists and discover new artists,Night
4,videos of double curved minimal grasshopper designs,Night
4,search results for videos related to double curved aggregation,Night
4,a short film,Night
4,video sharing platform for users to upload watch and share videos,Night
4,search results for videos related to gyroid,Night
4,a compilation of funny and cute animal videos,Night
4,a music video of a rap song about a young man's journey to success,Night
4,a guide to creating a successful grocery shopping aggregation app,Night
4,a short film,Night
