1,provides information about ibuprofen its empty stomach effects and related topics
1,provides information on foods to eat to help with tonsillitis
1,eating too much salt can lead to health problems
1,provides information on foods to eat to help with tonsillitis
1,provides advice on whether to add more salt to food when suffering from a sore throat
1,eating certain foods can help soothe a sore throat
1,provides advice on whether to add more salt to food when suffering from a sore throat
1,provides information on foods to eat to help with tonsillitis
1,search results for ibuprofen 400 including webpages images videos and more
1,provides information on foods to eat to help with tonsillitis
1,eating soft nutritious foods helps recovery after a tonsillectomy
1,provides information on foods to eat to help with tonsillitis
1,search results for tonsillitis and jaw pain including webpages images videos and more
1,provides information on tonsillitis and jaw pain
1,provides information on foods to eat to help with tonsillitis
1,foods to help soothe a sore throat including honey tea and broth
1,search engine providing information about the safety of pazta for throat health
1,provides information on foods to eat to help with tonsillitis
1,search engine providing information about the safety of pazta for throat health
