0,search results for sore throat feeling like puking
0,esophagitis is inflammation of the esophagus causing symptoms such as heartburn difficulty swallowing and chest pain
0,search engine providing information on swollen throat and feeling like puking
0,provides information on foods to eat to help with tonsillitis
0,provides information about ibuprofen its empty stomach effects and related topics
0,ibuprofen can be taken on an empty stomach but it is best to take it with food
0,provides information about swollen throat jaw pain and related treatments
0,provides information on swollen throat and difficulty swallowing
0,difficulty swallowing (dysphagia) can be caused by stroke neurological diseases and other conditions
0,provides information on swollen throat and difficulty swallowing
0,tonsillitis is an inflammation of the tonsils caused by a virus or bacteria symptoms include sore throat fever and swollen glands
0,painful swallowing can be caused by infections allergies acid reflux and other conditions
0,search engine providing information about the safety of pazta for throat health
0,provides information about sore throat and difficulty opening the jaw
0,information on jaw pain causes symptoms and treatments
0,provides information about sore throat and difficulty opening the jaw
0,"search engine results for ""gland for tonsil"" related to webpages"
0,a study finds that people with higher levels of physical activity have a lower risk of developing dementia
0,health and medical information advice and support from experts
0,privacy settings for data collection use and sharing
0,a study finds that a diet high in fiber and low in saturated fat may reduce the risk of developing type 2 diabetes
0,at-home treatments for sciatica include exercise stretching hot and cold therapy and over-the-counter pain relief
0,when experiencing chest pain it is important to seek medical attention
0,a study finds that a diet high in fiber and low in saturated fat may reduce the risk of developing type 2 diabetes
0,privacy settings for data collection use and sharing
0,a study finds that people with higher levels of physical activity have a lower risk of developing dementia
0,provides information on tonsillitis and jaw pain
0,search for information about the ayurvedic herbal blend trikatu
0,ayurvedic herbal blend trikatu churna used to treat respiratory and digestive ailments benefits side effects and precautions
0,high blood glucose and lipid levels can lead to health problems
0,benefits of swatika bhasma for health and wellbeing
0,sphatika bhasma benefits ingredients method dosage and side effects
0,ibuprofen can be taken on an empty stomach but it is best to take it with food
0,quick and easy daal recipes for android users
0,online calendar to manage events tasks and reminders
